<?xml version="1.0" encoding="UTF-8"?>
<project-private xmlns="http://www.netbeans.org/ns/project-private/1">
    <editor-bookmarks xmlns="http://www.netbeans.org/ns/editor-bookmarks/2" lastBookmarkId="0"/>
    <open-files xmlns="http://www.netbeans.org/ns/projectui-open-files/2">
        <group>
            <file>file:/C:/Program%20Files%20(x86)/EasyPHP-Devserver-17/eds-www/SLAM4/TD2/conf.php</file>
            <file>file:/C:/Program%20Files%20(x86)/EasyPHP-Devserver-17/eds-www/SLAM4/TD2/testModel.php</file>
            <file>file:/C:/Program%20Files%20(x86)/EasyPHP-Devserver-17/eds-www/SLAM4/TD2/Voiture.php</file>
            <file>file:/C:/Program%20Files%20(x86)/EasyPHP-Devserver-17/eds-www/SLAM4/TD2/user.php</file>
            <file>file:/C:/Program%20Files%20(x86)/EasyPHP-Devserver-17/eds-www/SLAM4/TD2/Model.php</file>
            <file>file:/C:/Program%20Files%20(x86)/EasyPHP-Devserver-17/eds-www/SLAM4/TD2/lireVoiture.php</file>
            <file>file:/C:/Program%20Files%20(x86)/EasyPHP-Devserver-17/eds-www/SLAM4/TD2/trajet.php</file>
        </group>
    </open-files>
</project-private>
